Bookie ,States
Barstool Sportsbook,AZ CO IL IN IA KS LA MA MD MI NJ OH PA TN VA WV
BetMGM,AZ CO IN IA IL KS LA MA MD MI NJ NV NY OH PA TN VA WV WY
BetOnline.ag,AZ CO CT IL IN IA KS LA MA MD MI NH NY OH OR PA TN VA WV
BetRivers,AZ CO CT IL IN IA LA MD MI NJ NY OH PA VA WV
BetUS,AZ CO CT IL IN IA KS LA MA MD MI NH NJ NY OH OR PA TN VA WV
Bovada,AZ CO CT IL IN IA KS LA MA MI NH OH OR PA TN VA WV
Circa Sports,CO IA IL NV
DraftKings,AZ CO CT IL IN IA KS LA MA MD MI NH NJ NY OH OR PA TN VA WV
FanDuel,AZ CO CT IL KS LA IN IA MA MD MI NJ NY OH PA TN VA WV WY
FOX Bet,CO MI NJ PA
LowVig.ag,AZ CO CT IL IN IA KS LA MA MD MI NH NJ NY OH OR PA TN VA WV
MyBookie.ag,AZ CO CT IL IN IA KS LA MA MD MI NH NJ NY OH OR PA TN VA WV
PointsBet (US),CO IL IN IA KS MD MI NJ NY OH PA VA WV
SugarHouse,CT
SuperBook,AZ CO IA NJ NV OH TN
TwinSpires,AZ CO CT IL IN IA KS LA MA MD MI NH NJ NY OH OR PA TN VA WV
Unibet,AZ IN NJ PA VA
William Hill (US),CO NJ IN IA MI TN VA WV
WynnBET,AZ CO IN LA MA MI NJ NY NV TN VA